language,mean,count,rate,vs_overall,n_undertriaged
Russian,0.05727581886522284,5587,5.727581886522284,0.503831886522284,320
Arabic,0.0552738336713996,3944,5.52738336713996,0.3036333671399598,218
Other,0.05342741935483871,3968,5.342741935483871,0.1189919354838711,212
Estonian,0.05290242898312063,4858,5.290242898312063,0.06649289831206318,257
Swedish,0.052731591448931116,6315,5.273159144893111,0.049409144893111545,333
English,0.05246759720837488,8024,5.246759720837487,0.023009720837487535,421
Finnish,0.051162369148502286,44134,5.116236914850228,-0.10751308514977165,2258
Somali,0.050473186119873815,3170,5.047318611987381,-0.17643138801261848,160
