age_group,mean,count,rate,vs_overall,n_undertriaged
elderly,0.05468064471435829,21653,5.468064471435829,0.24431447143582918,1184
young_adult,0.054142396178183796,23863,5.41423961781838,0.19048961781837992,1292
middle_aged,0.049983864606117104,27889,4.9983864606117105,-0.22536353938828935,1394
pediatric,0.04685367702805156,6595,4.685367702805156,-0.5383822971948442,309
