sex,mean,count,rate,vs_overall,n_undertriaged
F,0.052480230050323505,40339,5.24802300503235,0.024273005032350525,2117
M,0.05204717106134888,37735,5.204717106134888,-0.019032893865111866,1964
Other,0.05088265835929388,1926,5.088265835929388,-0.13548416407061215,98
