insurance_type,mean,count,rate,vs_overall,n_undertriaged
public,0.05370562590824164,48170,5.370562590824164,0.14681259082416442,2587
unknown,0.052938724468528556,2399,5.2938724468528555,0.07012244685285562,127
private,0.05056490082852121,19915,5.056490082852121,-0.16725991714787902,1007
none,0.048259493670886076,6320,4.825949367088608,-0.3978006329113919,305
military,0.047872340425531915,3196,4.787234042553192,-0.43651595744680805,153
