sex,mean,count,rate,dataset
Female,0.24068712603744452,31086,24.06871260374445,NHAMCS (Real US ED)
Male,0.2161032620755973,27038,21.61032620755973,NHAMCS (Real US ED)
